Nome,Idade,Altura,Massa,Gênero,IMC
Victoria,32,1.69,95,Feminino,33.2621406813487
Eduardo,30,1.91,90,Masculino,27.777777777777775
Matheus,66,1.75,70,Masculino,22.857142857142858
Samara,29,1.6,60,Feminino,23.437499999999996
Fernanda,29,1.65,55,Feminino,20.202020202020204
