ID_Veiculo,Tipo,Capacidade_kg,Custo_Manutencao_Mensal,Consumo_Combustivel_km_l
1,Caminh達o,986.757,839.116,8.07568
2,Van,439.065,3612.71,8.77164
3,Moto,774.62,2904.56,9.12098
4,Caminh達o,453.69,3874.6,8.10841
5,Van,846.248,4609.25,18.1733
6,Moto,612.173,3133.17,16.355
7,Caminh達o,157.161,3767.54,5.70345
8,Van,133.14,3906.87,9.03009
9,Moto,220.467,2200.33,5.33277
10,Caminh達o,112.305,1584.88,12.4725
